engine,case,old_bytes,new_bytes,median_ms,p95_ms,baseline_peak_kib,first_diff_peak_kib,blocks,changed_lines,failures
custom,small,73780,73782,0.6679,0.7006,2624,2976,2,4,0
imara,small,73780,73782,0.2386,0.2459,2580,2752,2,4,0
similar-myers,small,73780,73782,0.4185,0.4448,2612,3080,2,4,0
similar-histogram,small,73780,73782,0.6181,0.6442,2620,3088,2,4,0
custom,medium,1377780,1377782,5.6788,5.7592,6392,10264,2,4,0
imara,medium,1377780,1377782,3.1637,3.2270,6340,7108,2,4,0
similar-myers,medium,1377780,1377782,1.7204,2.6101,6264,6672,2,4,0
similar-histogram,medium,1377780,1377782,1.8005,2.8125,6392,6680,2,4,0
custom,identical,1377780,1377780,5.4770,5.6042,5228,9916,0,0,0
imara,identical,1377780,1377780,3.5977,3.7060,5168,6880,0,0,0
similar-myers,identical,1377780,1377780,1.6890,2.7189,5192,6432,0,0,0
similar-histogram,identical,1377780,1377780,1.6881,2.6533,5224,6428,0,0,0
custom,dense,149780,113780,1.1044,2.1221,2788,3936,1,8000,0
imara,dense,149780,113780,0.6282,0.7056,2740,3052,1,8000,0
similar-myers,dense,149780,113780,1.0135,1.2077,2740,3696,1,8000,0
similar-histogram,dense,149780,113780,0.9876,1.0631,2728,3556,1,8000,0
custom,repeated,665000,665000,2.4412,4.3124,3668,4468,1,70000,0
imara,repeated,665000,665000,1.3079,2.2449,3664,4072,1,70000,0
similar-myers,repeated,665000,665000,2.3265,4.6102,3712,5728,1,70000,0
similar-histogram,repeated,665000,665000,2.2763,4.0224,3612,5376,1,70000,0
custom,ambiguous,344530,344532,2.1587,3.6296,3172,3696,1,70000,0
imara,ambiguous,344530,344532,314.0907,314.5786,3168,4204,8701,52600,0
similar-myers,ambiguous,344530,344532,100.0620,100.0720,3160,4456,164,69674,0
similar-histogram,ambiguous,344530,344532,175.4197,178.2442,3180,5824,5852,58298,0
custom,reversed,1377780,1377780,8.9208,9.0287,5644,11484,2,69998,0
imara,reversed,1377780,1377780,3.7969,3.8478,5588,6892,2,69998,0
similar-myers,reversed,1377780,1377780,54.8142,55.1130,5496,12820,2,69998,0
similar-histogram,reversed,1377780,1377780,12.8237,13.1890,5592,14228,2,69998,0
custom,moved,1377780,1377780,10.3388,10.4408,6904,11636,2,35000,0
imara,moved,1377780,1377780,3.7626,5.7889,6912,6932,2,35000,0
similar-myers,moved,1377780,1377780,34.4859,34.7833,6900,12820,2,35000,0
similar-histogram,moved,1377780,1377780,11.4889,11.6996,6968,13628,2,35000,0
custom,long-lines,1600390,1600390,3.1286,4.5405,5608,7160,1,2,0
imara,long-lines,1600390,1600390,1.8792,2.4932,5588,5720,1,2,0
similar-myers,long-lines,1600390,1600390,1.7067,2.4118,5584,5836,1,2,0
similar-histogram,long-lines,1600390,1600390,1.7345,2.3784,5628,5900,1,2,0
custom,real-source,98428,98575,0.6348,0.6655,2664,3104,28,58,0
imara,real-source,98428,98575,0.4149,0.4371,2688,2860,28,58,0
similar-myers,real-source,98428,98575,0.5767,0.6059,2676,3148,28,58,0
similar-histogram,real-source,98428,98575,2.1012,3.7384,2700,3220,28,58,0
custom,unicode,84000,84002,0.3508,0.3634,2508,2760,1,2,0
imara,unicode,84000,84002,0.2869,0.2972,2528,2728,1,2,0
similar-myers,unicode,84000,84002,0.1487,0.1706,2528,2984,1,2,0
similar-histogram,unicode,84000,84002,0.1484,0.1725,2572,3048,1,2,0
custom,large,3177780,3177782,0.0000,0.0000,11652,11652,0,0,34
imara,large,3177780,3177782,7.4792,7.6042,11620,13452,2,4,0
similar-myers,large,3177780,3177782,3.8254,3.9390,11504,11584,2,4,0
similar-histogram,large,3177780,3177782,3.9482,3.9998,11608,11632,2,4,0
imara-raw,small,73780,73782,0.2366,0.2430,2624,2796,2,4,0
imara-raw,medium,1377780,1377782,3.1402,3.8954,6372,7072,2,4,0
imara-raw,identical,1377780,1377780,3.5715,3.6475,5200,6912,0,0,0
imara-raw,dense,149780,113780,0.6245,0.6723,2784,3164,1,8000,0
imara-raw,repeated,665000,665000,1.2922,2.1797,3668,4080,1,70000,0
imara-raw,ambiguous,344530,344532,313.6260,314.1993,3168,4200,8701,52600,0
imara-raw,reversed,1377780,1377780,3.7629,3.8565,5492,7052,2,69998,0
imara-raw,moved,1377780,1377780,3.7085,3.7659,6772,7044,2,35000,0
imara-raw,long-lines,1600390,1600390,1.8572,2.5225,5628,5760,1,2,0
imara-raw,real-source,98428,98575,0.4157,0.4304,2680,2852,28,58,0
imara-raw,unicode,84000,84002,0.2782,0.2822,2508,2708,1,2,0
imara-raw,large,3177780,3177782,7.4892,7.5715,12480,13888,2,4,0
